id,name,link
01,Escuchar a diario,https://vm.tiktok.com/ZM2pkhqa6/
02,Inspirador,https://vm.tiktok.com/ZM2pkQpyL/
03,Pa pensarlo,https://vm.tiktok.com/ZM2pkkQjh/
04,Habitos,https://vm.tiktok.com/ZM2pkfUKM/
05,Finanzas,https://vm.tiktok.com/ZM2pk9LMn/
06,Favoritos,https://vm.tiktok.com/ZM2pkApLQ/
07,Comida,https://vm.tiktok.com/ZM2pkUdWo/
08,Lloro,https://vm.tiktok.com/ZM2pk98cu/
09,Tiktok,https://vm.tiktok.com/ZM2pkfHYL/
10,Minecraft,https://vm.tiktok.com/ZM2pkbVLw/
11,Música,https://vm.tiktok.com/ZM2pk9rXg/
12,Pain,https://vm.tiktok.com/ZM2pkqBTd/
13,Viajar,https://vm.tiktok.com/ZM2pkSVWP/
14,Ejercicio,https://vm.tiktok.com/ZM2pkXLbx/
15,Psicología,https://vm.tiktok.com/ZM2pk3QMu/
16,Inversiones,https://vm.tiktok.com/ZM2pk34th/
17,Me gusta,https://vm.tiktok.com/ZM2pBGbJx/
18,Ganar dinero,https://vm.tiktok.com/ZM2pBJC9g/
19,Sugoi,https://vm.tiktok.com/ZM2pBY33c/
20,Love,https://vm.tiktok.com/ZM2pBNVTD/
21,La vida no es sencilla,https://vm.tiktok.com/ZM2pkvgL2/
22,Entorno,https://vm.tiktok.com/ZM2pkT9UM/
23,Stand Up,https://vm.tiktok.com/ZM2pkWcWs/
24,Ir,https://vm.tiktok.com/ZM2pSdL43/
25,Timido,https://vm.tiktok.com/ZM2pBSGLf/
26,Just Do it,https://vm.tiktok.com/ZM2pBSFgX/
27,Autoconfianza,https://vm.tiktok.com/ZM2pBC4tp/
28,Apariencia,https://vm.tiktok.com/ZM2pSdGU4/
29,Amor en pareja,https://vm.tiktok.com/ZM2pBmGkk/
30,Concejos amor,https://vm.tiktok.com/ZM2pBhTqE/
31,Como actuar - Coquetear,https://vm.tiktok.com/ZM2pBjMbN/
32,Que decir Hacer - Coqueteo,https://vm.tiktok.com/ZM2pBMGgp/
33,Gente extrovertida,https://vm.tiktok.com/ZM2pBfdrF/
34,Oratoria,https://vm.tiktok.com/ZM2pBQSkV/
35,Cuentos sabios,https://vm.tiktok.com/ZM2pBy8mL/
36,Mensajes en obras,https://vm.tiktok.com/ZM2pBQhXH/
37,Cute,https://vm.tiktok.com/ZM2pB58pK/
38,Gentuza ligando,https://vm.tiktok.com/ZM2pBC3GT/
39,Chats,https://vm.tiktok.com/ZM2pBM7kv/
40,Programación,https://vm.tiktok.com/ZM2pBhuPN/
41,Laboral,https://vm.tiktok.com/ZM2pB6nNm/
42,Handstand,https://vm.tiktok.com/ZM2pByLfm/
43,Aprender,https://vm.tiktok.com/ZM2pS18v2/
44,Life hacks,https://vm.tiktok.com/ZM2pBpDf6/
45,Emprender,https://vm.tiktok.com/ZM2pSe4pv/
46,Fotos,https://vm.tiktok.com/ZM2pSdmtB/
47,idiomas,https://vm.tiktok.com/ZM2pBvE4V/
48,Horny,https://vm.tiktok.com/ZM2pBgDYw/
49,Carisma,https://vm.tiktok.com/ZM2pBgB4u/
50,Libros,https://vm.tiktok.com/ZM2pSJoMX/
51,Por ver,https://vm.tiktok.com/ZM2pBVNCD/
52,IA,https://vm.tiktok.com/ZM2pBWy4p/
53,Postura,https://vm.tiktok.com/ZM2pBTwD5/