5001,1,Finanzas,https://www.tiktok.com/@coachkeljash/video/7186244998185110811,False,True
5011,11,Finanzas,https://www.tiktok.com/@cash.supply/video/7248957728750685467,False,True
8003,3,Lloro,https://www.tiktok.com/@eric.mz8/video/7163350968577363205,False,True
10001,1,Minecraft,https://www.tiktok.com/@_.edits_de_todo_._/video/7246832109690703109,False,True
15018,18,Psicología,https://www.tiktok.com/@mentesuperior_/video/7160366778282036486,False,True
18000,0,Ganar dinero,https://www.tiktok.com/@magemdrop05/video/7252119461501668613,False,True
20008,8,Love,https://www.tiktok.com/@that_barbie713/video/7152875313465232645,False,True
23008,8,Stand Up,https://www.tiktok.com/@inge.nuo/video/7254274404182412549,False,True
25046,46,Timido,https://www.tiktok.com/@bionlinebusiness/video/7224993327500774683,False,True
28012,12,Apariencia,https://www.tiktok.com/@desde_cer0o/video/7178275269294296326,False,True
32012,12,Que decir/Hacer | Coqueteo,https://www.tiktok.com/@barbara.xcq/video/7174518577310059782,False,True
33009,9,Gente extrovertida,https://www.tiktok.com/@rodrigodlcl_/video/7187475448664739077,False,True
40006,6,Programación,https://www.tiktok.com/@fastquestions/video/7243953691772964102,False,True
45021,21,Emprender,https://www.tiktok.com/@jhonatanolms/video/7184505935916797190,False,True
47004,4,idiomas,https://www.tiktok.com/@lessonoftheweek/video/7245699205572939013,False,True
49017,17,Carisma,https://www.tiktok.com/@luismanuelmartine22/video/7171959238024072454,False,True
49018,18,Carisma,https://www.tiktok.com/@agp.inspire/video/7178685018070388014,False,True
49019,19,Carisma,https://www.tiktok.com/@yodelfuturoweb/video/7194951999752817925,False,True
25034,34,Timido,https://www.tiktok.com/@luismanuelmartine22/video/7171959238024072454,False,True
36004,4,Mensajes en obras,https://www.tiktok.com/@veyaxs/video/7151400760268344582,False,True
