Escuchar a diario;87
Inspirador;53
Pa pensarlo;60
Habitos;32
Finanzas;65
Favoritos;11
Comida;24
Lloro;23
Tiktok;14
Minecraft;20
Música;12
Pain;15
Viajar;60
Ejercicio;42
Psicología;59
Inversiones;14
Me gusta;32
Ganar dinero;20
Sugoi;26
La vida no es sencilla;19
Entorno;10
Stand Up;31
Ir;15
Timido;49
Just Do it;32
Autoconfianza;21
Apariencia;27
Amor en pareja;21
Concejos amor;29
Como actuar | Coquetear;0
Que decir/Hacer | Coqueteo;14
Oratoria;16
Cuentos sabios;9
Mensajes en obras;9
Cute;52
Gentuza ligando;25
Chats;9
Programación;77
Laboral;36
Handstand;14
Aprender;17
Life hacks;18
Emprender;32
Fotos;35
idiomas;23
Horny;14
Carisma;27
Libros;14
Por ver;34
IA;15
Postura;12

Escuchar a diario
Found 87 videos
Inspirador
Found 53 videos
Pa pensarlo
Found 60 videos
Habitos
Found 32 videos
Finanzas
Found 65 videos
Favoritos
Found 11 videos
Comida
Found 24 videos
Lloro
Found 23 videos
Tiktok
Found 14 videos
Minecraft
Found 20 videos
Música
Found 12 videos
Pain
Found 15 videos
Viajar
Found 60 videos
Ejercicio
Found 42 videos
Psicología
Found 59 videos
Inversiones
Found 14 videos
Me gusta
Found 32 videos
Ganar dinero
Found 20 videos
Sugoi
Found 26 videos
Love
La vida no es sencilla
Found 19 videos
Entorno
Found 10 videos
Stand Up
Found 31 videos
Ir
Found 15 videos
Timido
Found 49 videos
Just Do it
Found 32 videos
Autoconfianza
Found 21 videos
Apariencia
Found 27 videos
Amor en pareja
Found 21 videos
Concejos amor
Found 29 videos
Como actuar | Coquetear
Found 0 videos
Que decir/Hacer | Coqueteo
Found 14 videos
Gente extrovertida
Oratoria
Found 16 videos
Cuentos sabios
Found 9 videos
Mensajes en obras
Found 9 videos
Cute
Found 52 videos
Gentuza ligando
Found 25 videos
Chats
Found 9 videos
Programación
Found 77 videos
Laboral
Found 36 videos
Handstand
Found 14 videos
Aprender
Found 17 videos
Life hacks
Found 18 videos
Emprender
Found 32 videos
Fotos
Found 35 videos
idiomas
Found 23 videos
Horny
Found 14 videos
Carisma
Found 27 videos
Libros
Found 14 videos
Por ver
Found 34 videos
IA
Found 15 videos
Postura
Found 12 videos
Love;20
Como actuar | Coquetear;47
Gente extrovertida;22
Pa pensarlo;89
